地图,pair索引,起点X,起点Y,起点Yaw,终点X,终点Y,终点Yaw,直线距离
map_0002_seed_7002187067904103436,7,13.431258409165313,24.00883821452974,0.0,34.9917259724204,10.35124096843397,0.0,25.522220202849464
