地图,pair索引,起点X,起点Y,起点Yaw,终点X,终点Y,终点Yaw,直线距离
map_0000_seed_2312883878506865772,4,20.319815383191273,3.3410297788529633,0.0,32.79586927583905,26.69139281577908,0.0,26.474353149576615
