地图,pair索引,起点X,起点Y,起点Yaw,终点X,终点Y,终点Yaw,直线距离
map_0002_seed_6373849475244374403,6,3.1270812997747424,6.9624158931968045,0.0,30.44899295379153,3.7933581547436646,0.0,27.505086500128446
