地图,pair索引,起点X,起点Y,起点Yaw,终点X,终点Y,终点Yaw,直线距离
map_0001_seed_7898237777006799159,5,35.034225099525884,6.659293546259988,0.0,14.157035312108025,22.668692575819463,0.0,26.308894136917356
