地图,pair索引,起点X,起点Y,起点Yaw,终点X,终点Y,终点Yaw,直线距离
map_0001_seed_7898237777006799159,6,34.98311899226988,6.354163375810841,0.0,10.979249723730362,17.292037391897267,0.0,26.378453856375177
