地图,pair索引,起点X,起点Y,起点Yaw,终点X,终点Y,终点Yaw,直线距离
map_0000_seed_385493199789511627,4,20.555906219346,25.039066941115003,0.0,6.972033112570614,3.4268390872254253,0.0,25.52665276508881
