地图,pair索引,起点X,起点Y,起点Yaw,终点X,终点Y,终点Yaw,直线距离
map_0001_seed_8840962239518663710,1,36.1006078860391,26.78786612759934,0.0,4.891839048126385,18.87314545007516,0.0,32.19673983156525
