地图,pair索引,起点X,起点Y,起点Yaw,终点X,终点Y,终点Yaw,直线距离
map_0002_seed_7002187067904103436,0,36.11693534431847,14.842146979165701,0.0,4.276217176701907,13.513129721687328,0.0,31.868442388988246
