地图,pair索引,起点X,起点Y,起点Yaw,终点X,终点Y,终点Yaw,直线距离
map_0002_seed_6166301871256227967,7,33.18961542580878,25.663729974041836,0.0,3.0964470636777173,23.08354789249867,0.0,30.20357796098804
