地图,pair索引,起点X,起点Y,起点Yaw,终点X,终点Y,终点Yaw,直线距离
map_0001_seed_6351888280968124740,8,7.389074357660248,21.78720009541825,0.0,31.2854560975102,13.720247552223128,0.0,25.22127640685135
