地图,pair索引,起点X,起点Y,起点Yaw,终点X,终点Y,终点Yaw,直线距离
map_0001_seed_7898237777006799159,4,10.64369948576123,24.641944113295743,0.0,36.155912175257015,7.043709831616292,0.0,30.993077390716586
