地图,pair索引,起点X,起点Y,起点Yaw,终点X,终点Y,终点Yaw,直线距离
map_0000_seed_385493199789511627,7,41.66189148402417,26.727132500904492,0.0,3.3881938317331315,7.355546327258082,0.0,42.89678639317865
