地图,pair索引,起点X,起点Y,起点Yaw,终点X,终点Y,终点Yaw,直线距离
map_0002_seed_6373849475244374403,3,14.640118162055554,23.39797059971555,0.0,32.89056424439639,3.7633719005587274,0.0,26.8066455992047
