地图,pair索引,起点X,起点Y,起点Yaw,终点X,终点Y,终点Yaw,直线距离
map_0001_seed_6351888280968124740,0,10.77795648855474,13.455586417141074,0.0,38.681988141850965,17.48555178967271,0.0,28.193538327282756
