地图,pair索引,起点X,起点Y,起点Yaw,终点X,终点Y,终点Yaw,直线距离
map_0000_seed_2312883878506865772,0,8.86208097184688,7.572942905800769,0.0,41.18838267472474,8.934483219951101,0.0,32.35496212040034
