地图,pair索引,起点X,起点Y,起点Yaw,终点X,终点Y,终点Yaw,直线距离
map_0001_seed_8840962239518663710,4,11.157746429703186,13.249681521005641,0.0,35.77681934182159,21.531270521638145,0.0,25.97466972701673
