地图,pair索引,起点X,起点Y,起点Yaw,终点X,终点Y,终点Yaw,直线距离
map_0002_seed_6373849475244374403,7,40.04148841761022,17.555518654597428,0.0,16.02221917389164,9.645223967958735,0.0,25.288298816482488
