地图,pair索引,起点X,起点Y,起点Yaw,终点X,终点Y,终点Yaw,直线距离
map_0001_seed_8840962239518663710,2,9.572881238151872,11.034960673836853,0.0,38.98508839357915,25.965690240866866,0.0,32.98491496362468
