地图,pair索引,起点X,起点Y,起点Yaw,终点X,终点Y,终点Yaw,直线距离
map_0000_seed_5999483176752387165,1,5.0720258218406835,4.788927519997919,0.0,38.18657039009363,17.304155343295935,0.0,35.40062131420667
