地图,pair索引,起点X,起点Y,起点Yaw,终点X,终点Y,终点Yaw,直线距离
map_0002_seed_6166301871256227967,4,6.022828575338227,10.2451017556481,0.0,32.8566384615571,26.633419100343183,0.0,31.44249192414894
