地图,pair索引,起点X,起点Y,起点Yaw,终点X,终点Y,终点Yaw,直线距离
map_0002_seed_6373849475244374403,1,5.252529548775991,3.787428742824587,0.0,36.19152512053372,3.0056425633559405,0.0,30.948871330303025
