地图,pair索引,起点X,起点Y,起点Yaw,终点X,终点Y,终点Yaw,直线距离
map_0001_seed_6351888280968124740,2,37.22126441969159,17.37302626631947,0.0,11.58350115214441,13.808606634434526,0.0,25.88435806959405
