地图,pair索引,起点X,起点Y,起点Yaw,终点X,终点Y,终点Yaw,直线距离
map_0001_seed_6351888280968124740,7,41.72614529774655,19.802301149508764,0.0,3.7193245158161323,17.754029636201988,0.0,38.06197370266027
