地图,pair索引,起点X,起点Y,起点Yaw,终点X,终点Y,终点Yaw,直线距离
map_0001_seed_7898237777006799159,3,7.456283782757749,13.418794078439007,0.0,31.749100493611234,21.87041670654471,0.0,25.721019979678697
