地图,pair索引,起点X,起点Y,起点Yaw,终点X,终点Y,终点Yaw,直线距离
map_0001_seed_6351888280968124740,6,5.209992257230681,16.93432205610927,0.0,40.69581496472993,17.530527232527657,0.0,35.49083084178866
