地图,pair索引,起点X,起点Y,起点Yaw,终点X,终点Y,终点Yaw,直线距离
map_0001_seed_7898237777006799159,2,8.416063030213886,20.040597986301556,0.0,40.35036459602765,4.435901167372501,0.0,35.543018714046084
