地图,pair索引,起点X,起点Y,起点Yaw,终点X,终点Y,终点Yaw,直线距离
map_0002_seed_6166301871256227967,9,41.71311684704725,3.077536266741281,0.0,3.459904591637048,20.010120867388544,0.0,41.833248369156586
