地图,pair索引,起点X,起点Y,起点Yaw,终点X,终点Y,终点Yaw,直线距离
map_0000_seed_2312883878506865772,7,32.956532195285355,10.784046608231428,0.0,3.137959863042245,24.88795957266393,0.0,32.98586995732418
