地图,pair索引,起点X,起点Y,起点Yaw,终点X,终点Y,终点Yaw,直线距离
map_0000_seed_5999483176752387165,5,41.63760637081283,18.199888558140653,0.0,13.87358719763027,3.478599602366886,0.0,31.425421384099774
