地图,pair索引,起点X,起点Y,起点Yaw,终点X,终点Y,终点Yaw,直线距离
map_0000_seed_385493199789511627,3,29.342403518161756,5.2911158157411755,0.0,3.9798895824301495,8.6283318436025,0.0,25.58112827763456
