地图,pair索引,起点X,起点Y,起点Yaw,终点X,终点Y,终点Yaw,直线距离
map_0001_seed_6351888280968124740,9,31.19147108931504,26.505708412567017,0.0,7.776969165347566,15.301158124362615,0.0,25.957288909059397
