地图,pair索引,起点X,起点Y,起点Yaw,终点X,终点Y,终点Yaw,直线距离
map_0002_seed_7002187067904103436,9,4.871435573165677,22.65714487661191,0.0,36.747061006758,14.007912536130867,0.0,33.02824120146728
