地图,pair索引,起点X,起点Y,起点Yaw,终点X,终点Y,终点Yaw,直线距离
map_0001_seed_8840962239518663710,7,31.222675215434712,4.247979555364566,0.0,12.076032458350026,25.08224202033129,0.0,28.295943548970847
