地图,pair索引,起点X,起点Y,起点Yaw,终点X,终点Y,终点Yaw,直线距离
map_0001_seed_7898237777006799159,8,4.426942807165456,12.29030161873423,0.0,36.00474043047535,7.367644254277841,0.0,31.95919051331796
