地图,pair索引,起点X,起点Y,起点Yaw,终点X,终点Y,终点Yaw,直线距离
map_0001_seed_8840962239518663710,6,28.683329355334358,21.17924825586666,0.0,3.488668101561982,14.482544341816183,0.0,26.06946104170161
