地图,pair索引,起点X,起点Y,起点Yaw,终点X,终点Y,终点Yaw,直线距离
map_0001_seed_7898237777006799159,9,41.573960976774,10.964138256918677,0.0,4.778111920515687,12.227536134468902,0.0,36.81753226341962
