地图,pair索引,起点X,起点Y,起点Yaw,终点X,终点Y,终点Yaw,直线距离
map_0000_seed_2312883878506865772,3,8.977198103930046,3.561591774654027,0.0,35.94943565923042,11.397495105440864,0.0,28.087416751082536
