地图,pair索引,起点X,起点Y,起点Yaw,终点X,终点Y,终点Yaw,直线距离
map_0000_seed_385493199789511627,1,23.667438035661306,6.089401878516169,0.0,40.23132003857868,26.315678386921117,0.0,26.14315299272496
