地图,pair索引,起点X,起点Y,起点Yaw,终点X,终点Y,终点Yaw,直线距离
map_0002_seed_6373849475244374403,9,38.86717588131471,11.492670907677116,0.0,13.957620322328523,18.585188595531747,0.0,25.899609365755893
