地图,pair索引,起点X,起点Y,起点Yaw,终点X,终点Y,终点Yaw,直线距离
map_0002_seed_7002187067904103436,8,33.50912862568004,26.854049374579915,0.0,8.03833498209503,22.067085124165658,0.0,25.916719614350015
