scope,density,map,method,is_ours,trials,successes,success_rate_percent,mean_planning_time_s,std_planning_time_s,mean_total_time_s,std_total_time_s,mean_path_length_m,std_path_length_m,mean_node_count,std_node_count,mean_first_solution_iteration,std_first_solution_iteration,mean_path_point_count,std_path_point_count,mean_detour_ratio,std_detour_ratio,mean_min_obstacle_distance_m,std_min_obstacle_distance_m
overall,ALL,ALL,A*,0,4500,4500,100.0,0.05016127223125659,0.033591258893605334,0.05016238097699049,0.03359158323891595,34.088645069856895,5.750359802219977,233.88888888888889,90.73438301218077,167.86666666666667,84.05089007675012,31.711111111111112,5.560882581020238,1.1203792568509667,0.1022276193680448,0.9846087929405491,0.5494670156631716
overall,ALL,ALL,Theta*,0,4500,4500,100.0,0.17659657078588176,0.14744495279418396,0.17659820448087218,0.14744516764075039,32.521700799025766,5.589477522921966,157.05555555555554,87.51227788131101,90.58888888888889,85.62907318145625,5.566666666666666,1.612975283220717,1.0688273375980353,0.10127091779450115,0.9758352764765374,0.6616229106598146
overall,ALL,ALL,RRT*,0,4500,4500,100.0,1.4273149357786556,0.2050283591316359,1.4273165694037453,0.2050286351053905,31.635541270743072,5.198815062466643,2074.6086666666665,326.98822240414137,94.22044444444444,86.69596877737402,11.142222222222221,2.6019543058583894,1.0393436885249563,0.08250958046066184,1.0539944096792455,0.680386641570059
overall,ALL,ALL,GASKPO-RRT* (ours),1,4500,4500,100.0,0.422611663447486,0.20727254469444192,0.42290785520583285,0.20733917285926692,42.64349469510618,8.69199985100335,226.888,36.658136495558004,82.52088888888889,118.41347219415489,516.9737777777777,105.58544216928546,1.4070340455888792,0.2468025270488771,1.0818914462569846,0.5788278249976686
overall,ALL,ALL,Informed RRT*,0,4500,4500,100.0,1.5047803306731964,0.7264272852430474,1.5047814652900626,0.7264273933961098,31.432956216686126,5.171095661116338,1623.442888888889,669.9544457617731,94.22044444444444,86.69596877737402,12.343777777777778,3.0175148411158235,1.032607249147797,0.08169067645290826,0.941869636126229,0.6966673220463493
overall,ALL,ALL,BIT*,0,4500,4500,100.0,5.560220671060314,6.977672119679141,5.560222515868515,6.977673022035523,31.499180492625023,5.276315028723026,391.15133333333335,318.1006262700997,42.38911111111111,50.53210015995558,10.138,3.136634448139926,1.0346938557342291,0.086406956229846,0.9411603507137302,0.6969834238386035
