地图,pair索引,起点X,起点Y,起点Yaw,终点X,终点Y,终点Yaw,直线距离
map_0000_seed_2312883878506865772,1,35.93296001114116,9.592330207676785,0.0,8.867618644983851,5.231692881372158,0.0,27.41437325853333
