地图,pair索引,起点X,起点Y,起点Yaw,终点X,终点Y,终点Yaw,直线距离
map_0002_seed_6373849475244374403,8,31.234757408210275,21.01914072746425,0.0,4.645818436107808,3.855702366567643,0.0,31.64735837365398
