地图,pair索引,起点X,起点Y,起点Yaw,终点X,终点Y,终点Yaw,直线距离
map_0002_seed_7002187067904103436,1,5.662920362590563,15.255031855027838,0.0,37.14988123642651,11.991190595173665,0.0,31.65566876311417
