地图,pair索引,起点X,起点Y,起点Yaw,终点X,终点Y,终点Yaw,直线距离
map_0000_seed_2312883878506865772,5,15.453112373144434,18.8892426121488,0.0,40.77775937083454,7.707892097786477,0.0,27.68321413569322
