地图,pair索引,起点X,起点Y,起点Yaw,终点X,终点Y,终点Yaw,直线距离
map_0000_seed_5999483176752387165,9,5.384234165560105,26.18440791025455,0.0,36.98867654429873,17.05763804451119,0.0,32.89587673635179
