地图,pair索引,起点X,起点Y,起点Yaw,终点X,终点Y,终点Yaw,直线距离
map_0002_seed_7002187067904103436,4,38.96039721332445,16.929165418346262,0.0,4.5036428077739155,8.209613586750798,0.0,35.542910802413274
