地图,pair索引,起点X,起点Y,起点Yaw,终点X,终点Y,终点Yaw,直线距离
map_0002_seed_6373849475244374403,0,7.623308743701908,5.9750542253951515,0.0,39.223388253475065,14.887142347126058,0.0,32.83276320557687
