地图,pair索引,起点X,起点Y,起点Yaw,终点X,终点Y,终点Yaw,直线距离
map_0002_seed_6166301871256227967,5,8.149378641175854,10.040879975383449,0.0,40.63423830300971,3.747612285030481,0.0,33.08883989310415
