地图,pair索引,起点X,起点Y,起点Yaw,终点X,终点Y,终点Yaw,直线距离
map_0002_seed_7002187067904103436,3,3.170544374103044,7.199468092609924,0.0,30.251864937583704,11.561477840883018,0.0,27.43036734179894
