地图,pair索引,起点X,起点Y,起点Yaw,终点X,终点Y,终点Yaw,直线距离
map_0000_seed_5999483176752387165,3,13.034080947265414,6.7698821193270415,0.0,38.282680302235,19.16622664822626,0.0,28.127586584471484
