地图,pair索引,起点X,起点Y,起点Yaw,终点X,终点Y,终点Yaw,直线距离
map_0001_seed_8840962239518663710,5,5.092777616343564,14.891981041813999,0.0,32.733566417273245,26.56484224289113,0.0,30.0044812345958
