地图,pair索引,起点X,起点Y,起点Yaw,终点X,终点Y,终点Yaw,直线距离
map_0000_seed_5999483176752387165,6,11.870189510867805,5.342701540876011,0.0,36.27602524145286,23.948339113094654,0.0,30.688997493842255
