地图,pair索引,起点X,起点Y,起点Yaw,终点X,终点Y,终点Yaw,直线距离
map_0002_seed_6166301871256227967,3,6.3964875341547,26.207393719702353,0.0,34.9642894064504,19.804676115331873,0.0,29.276511003465853
