地图,pair索引,起点X,起点Y,起点Yaw,终点X,终点Y,终点Yaw,直线距离
map_0001_seed_6351888280968124740,3,7.9553373174177615,21.770809620430438,0.0,37.38990873857709,17.40235486730063,0.0,29.756972152379213
