地图,pair索引,起点X,起点Y,起点Yaw,终点X,终点Y,终点Yaw,直线距离
map_0002_seed_6166301871256227967,8,9.144427124686095,10.052615084758454,0.0,32.77208211379406,20.409542983165018,0.0,25.79790758525022
