地图,pair索引,起点X,起点Y,起点Yaw,终点X,终点Y,终点Yaw,直线距离
map_0001_seed_8840962239518663710,3,38.10875585581614,15.070193982982268,0.0,10.278279677962974,24.115655065028875,0.0,29.263557037258344
