地图,pair索引,起点X,起点Y,起点Yaw,终点X,终点Y,终点Yaw,直线距离
map_0001_seed_6351888280968124740,5,4.302707219880825,16.527394255260155,0.0,33.05295038999143,15.301242642847352,0.0,28.776377988153996
