地图,pair索引,起点X,起点Y,起点Yaw,终点X,终点Y,终点Yaw,直线距离
map_0000_seed_2312883878506865772,8,3.020216440271685,24.673199805438507,0.0,41.60396475171211,8.192383146196272,0.0,41.956202777612496
