地图,pair索引,起点X,起点Y,起点Yaw,终点X,终点Y,终点Yaw,直线距离
map_0001_seed_6351888280968124740,1,34.701631958334055,16.36933145022172,0.0,3.4347035426245935,14.5689662452046,0.0,31.318718483113834
