地图,pair索引,起点X,起点Y,起点Yaw,终点X,终点Y,终点Yaw,直线距离
map_0000_seed_385493199789511627,6,12.938502636613418,3.1601061174949123,0.0,40.230887778756916,25.135382291923477,0.0,35.03979237509125
