地图,pair索引,起点X,起点Y,起点Yaw,终点X,终点Y,终点Yaw,直线距离
map_0002_seed_6166301871256227967,6,31.536195854183386,14.127455377073336,0.0,6.200269466915023,25.91669594023448,0.0,27.94450498679777
