地图,pair索引,起点X,起点Y,起点Yaw,终点X,终点Y,终点Yaw,直线距离
map_0001_seed_8840962239518663710,8,9.817270403155828,26.46477627454185,0.0,33.83141615257573,5.853917014718274,0.0,31.64627490720886
