地图,pair索引,起点X,起点Y,起点Yaw,终点X,终点Y,终点Yaw,直线距离
map_0002_seed_6166301871256227967,2,33.339186565077654,23.66585881214608,0.0,4.849890667473501,10.051640200056248,0.0,31.575099828171847
