地图,pair索引,起点X,起点Y,起点Yaw,终点X,终点Y,终点Yaw,直线距离
map_0002_seed_6166301871256227967,1,3.4908632620995905,26.880748363708182,0.0,29.465794154281873,4.590383159608663,0.0,34.22802091541046
