地图,pair索引,起点X,起点Y,起点Yaw,终点X,终点Y,终点Yaw,直线距离
map_0000_seed_2312883878506865772,9,4.583842721730288,17.202971761769742,0.0,30.158978483677195,26.637071767616405,0.0,27.25967373543439
