地图,pair索引,起点X,起点Y,起点Yaw,终点X,终点Y,终点Yaw,直线距离
map_0002_seed_7002187067904103436,6,39.124989566667914,13.548215358077357,0.0,6.301122795377295,18.59904332004873,0.0,33.210195617022016
