地图,pair索引,起点X,起点Y,起点Yaw,终点X,终点Y,终点Yaw,直线距离
map_0000_seed_2312883878506865772,2,13.980562619392684,7.633465654922112,0.0,41.318297424988444,14.278980029919403,0.0,28.133869367887836
