地图,pair索引,起点X,起点Y,起点Yaw,终点X,终点Y,终点Yaw,直线距离
map_0002_seed_7002187067904103436,2,39.020176195506,15.415806769716472,0.0,15.56528937706705,3.500280901718865,0.0,26.308011562577306
