地图,pair索引,起点X,起点Y,起点Yaw,终点X,终点Y,终点Yaw,直线距离
map_0002_seed_6373849475244374403,2,40.518692268029206,13.766975860157002,0.0,4.941307697125649,5.521529623538032,0.0,36.520373444790245
