地图,pair索引,起点X,起点Y,起点Yaw,终点X,终点Y,终点Yaw,直线距离
map_0001_seed_7898237777006799159,0,6.004783370244079,25.765076527851335,0.0,27.003949734652867,11.16390732762767,0.0,25.57653475382616
