scenario,method,trials,successes,success_rate_percent,mean_planning_time,mean_first_solution_iteration,mean_node_count,mean_path_length,mean_reverse_length,mean_switch_count
hybrid_single_blocker,GoalBias,30,30,100.0,2.007089885075887,117.93333333333334,183.53333333333333,140.58136283373992,0.0,0.0
hybrid_single_blocker,Hybrid,30,30,100.0,0.9672056357065837,65.2,102.4,142.2214323293563,0.0,0.0
hybrid_staggered_trees,GoalBias,30,30,100.0,3.8688839594523112,174.1,222.56666666666666,142.14216593432968,0.0,0.0
hybrid_staggered_trees,Hybrid,30,30,100.0,1.2990808725357055,83.83333333333333,115.76666666666667,135.05917252590712,0.0,0.0
hybrid_row_corridor,GoalBias,30,30,100.0,6.178862166404724,222.83333333333334,221.26666666666668,138.5862575934099,0.0,0.0
hybrid_row_corridor,Hybrid,30,30,100.0,8.54344981511434,211.53333333333333,203.36666666666667,136.15758970725304,0.0,0.0
