地图,pair索引,起点X,起点Y,起点Yaw,终点X,终点Y,终点Yaw,直线距离
map_0000_seed_5999483176752387165,0,11.488915324048117,11.27916937523442,0.0,41.27100074453127,13.244843291516938,0.0,29.846884023933033
