method,episodes,success_rate,mean_collisions,mean_length,mean_global_ms,mean_local_ms,mean_expanded
SE2-Risk-HA*+MPPI (Ours),6,0.3333333333333333,0.0,11.648403404875125,1281.0917221662141,8663.667090333547,126.0
no_global_risk,6,0.3333333333333333,11.833333333333334,13.086645654193978,1246.6237014996295,4634.2394721668825,125.66666666666667
no_dynamic_prediction,6,0.5,0.0,12.501577250253453,1257.0144096662261,6623.020326000187,126.0
no_kinodynamic_recovery,6,0.3333333333333333,0.0,11.648403404875125,1265.0216665006155,8583.91938183316,126.0
