method,episodes,success_rate,mean_collisions,mean_length,mean_global_ms,mean_local_ms,mean_expanded
SE2 Hybrid A*+Pure Pursuit,6,1.0,0.0,14.669999999999982,1347.3885554982796,28.237680334617227,134.16666666666666
SE2 Hybrid A*+TEB-like,6,1.0,0.0,14.699999999999918,1326.0365279990463,34.08888899745458,134.16666666666666
SE2-Risk-HA*+MPPI (Ours),6,1.0,0.0,14.698992119715205,1354.5529863331467,2400.6777361658656,135.5
no_global_risk,6,1.0,0.0,14.701646396528602,1341.8550416681683,2402.8767778327165,134.16666666666666
no_dynamic_prediction,6,1.0,0.0,14.705066818410147,1368.2310553316104,2332.871006999388,135.5
no_kinodynamic_recovery,6,1.0,0.0,14.698992119715205,1343.948604000616,2455.9526804999527,135.5
