地图,pair索引,起点X,起点Y,起点Yaw,终点X,终点Y,终点Yaw,直线距离
map_0001_seed_8840962239518663710,9,35.361466506671675,7.970221449339497,0.0,8.441708920754063,19.36423706887665,0.0,29.23177963147002
