地图,pair索引,起点X,起点Y,起点Yaw,终点X,终点Y,终点Yaw,直线距离
map_0001_seed_7898237777006799159,7,31.415320581542776,23.22894394786388,0.0,4.419870496438705,6.391540903444167,0.0,31.81591530315574
