地图,pair索引,起点X,起点Y,起点Yaw,终点X,终点Y,终点Yaw,直线距离
map_0002_seed_6373849475244374403,5,16.6600452791392,4.800900803653903,0.0,40.187954079815135,16.31849234758868,0.0,26.195751707210885
