地图,pair索引,起点X,起点Y,起点Yaw,终点X,终点Y,终点Yaw,直线距离
map_0000_seed_5999483176752387165,8,19.83155578328867,3.1303497767177566,0.0,36.9876592671877,24.573246271577414,0.0,27.461421974098812
