地图,pair索引,起点X,起点Y,起点Yaw,终点X,终点Y,终点Yaw,直线距离
map_0002_seed_6166301871256227967,0,4.747317722049773,25.540103067835624,0.0,31.545132040088724,23.558390020031023,0.0,26.870988795128707
