地图,pair索引,起点X,起点Y,起点Yaw,终点X,终点Y,终点Yaw,直线距离
map_0000_seed_5999483176752387165,7,36.993313358333616,23.934746972730686,0.0,7.151375254588373,3.2011016726094574,0.0,36.337657013338124
