地图,pair索引,起点X,起点Y,起点Yaw,终点X,终点Y,终点Yaw,直线距离
map_0002_seed_6373849475244374403,4,12.995950238315162,24.75442475812912,0.0,38.72991454622828,18.008085618644575,0.0,26.603571391561086
