地图,pair索引,起点X,起点Y,起点Yaw,终点X,终点Y,终点Yaw,直线距离
map_0002_seed_7002187067904103436,5,3.9704605670532915,25.06322037082786,0.0,31.577400194641804,11.882133559540675,0.0,30.59222393236566
