地图,pair索引,起点X,起点Y,起点Yaw,终点X,终点Y,终点Yaw,直线距离
map_0000_seed_385493199789511627,0,26.497909766902477,25.27814822062716,0.0,8.94139858401127,5.034051741085051,0.0,26.796539462923064
