地图,pair索引,起点X,起点Y,起点Yaw,终点X,终点Y,终点Yaw,直线距离
map_0000_seed_5999483176752387165,2,29.030601009152008,11.381013277814715,0.0,6.8129207472587066,26.258725774481356,0.0,26.738953707151556
