地图,pair索引,起点X,起点Y,起点Yaw,终点X,终点Y,终点Yaw,直线距离
map_0001_seed_7898237777006799159,1,37.297033264104776,5.6228738081268625,0.0,3.1471373224283514,23.07523152703129,0.0,38.3510127998718
