地图,pair索引,起点X,起点Y,起点Yaw,终点X,终点Y,终点Yaw,直线距离
map_0000_seed_385493199789511627,9,3.3380720286082646,6.3826068280051445,0.0,21.98195674238519,26.736489864651347,0.0,27.602083107803278
