地图,pair索引,起点X,起点Y,起点Yaw,终点X,终点Y,终点Yaw,直线距离
map_0001_seed_8840962239518663710,0,8.543599546036265,23.46692340629653,0.0,38.138489513160025,16.07871024546958,0.0,30.503167145002816
