地图,pair索引,起点X,起点Y,起点Yaw,终点X,终点Y,终点Yaw,直线距离
map_0000_seed_385493199789511627,8,38.924518693576644,25.617010056848454,0.0,11.704345412677535,5.8608285925606465,0.0,33.63397894231432
