地图,pair索引,起点X,起点Y,起点Yaw,终点X,终点Y,终点Yaw,直线距离
map_0000_seed_385493199789511627,5,5.82110285039432,7.9414673477778965,0.0,39.3455755091541,26.81933722023808,0.0,38.47420223954581
