地图,pair索引,起点X,起点Y,起点Yaw,终点X,终点Y,终点Yaw,直线距离
map_0001_seed_6351888280968124740,4,30.58266827436704,12.783228219953358,0.0,5.366859090671524,17.06067694203501,0.0,25.576035665415016
