地图,pair索引,起点X,起点Y,起点Yaw,终点X,终点Y,终点Yaw,直线距离
map_0000_seed_2312883878506865772,6,3.19421287196721,20.595811422484292,0.0,35.161500035887414,9.685534813443983,0.0,33.77782681444011
