地图,pair索引,起点X,起点Y,起点Yaw,终点X,终点Y,终点Yaw,直线距离
map_0000_seed_5999483176752387165,4,4.281222412722908,10.853715897689865,0.0,41.19757602079052,15.014699803632729,0.0,37.150113738471944
