地图,pair索引,起点X,起点Y,起点Yaw,终点X,终点Y,终点Yaw,直线距离
map_0000_seed_385493199789511627,2,6.052047016631502,6.356583663737158,0.0,28.257513746231293,26.798437023465382,0.0,30.181983391752027
